{"indexes":[{"v":{"$numberInt":"2"},"key":{"_id":{"$numberInt":"1"}},"name":"_id_"},{"v":{"$numberInt":"2"},"key":{"deleted":{"$numberDouble":"1.0"},"user":{"$numberDouble":"1.0"},"mtimestamp":{"$numberDouble":"1.0"}},"name":"deleted_1_user_1_mtimestamp_1"},{"v":{"$numberInt":"2"},"key":{"user":{"$numberDouble":"1.0"},"deleted":{"$numberDouble":"1.0"}},"name":"user_1_deleted_1"},{"v":{"$numberInt":"2"},"key":{"created_at":{"$numberDouble":"1.0"},"type":{"$numberDouble":"1.0"}},"name":"created_at_1_type_1","background":true,"partialFilterExpression":{"created_at":{"$exists":true},"type":{"$exists":true}}},{"v":{"$numberInt":"2"},"key":{"type":{"$numberInt":"1"},"mtimestamp":{"$numberInt":"1"}},"name":"mtimestamp_index"},{"v":{"$numberInt":"2"},"key":{"type":{"$numberDouble":"1.0"},"mtimestamp":{"$numberDouble":"-1.0"},"user":{"$numberDouble":"1.0"}},"name":"type_1_mtimestamp_-1_user_1"}],"uuid":"508422efd4a44d8e9c393f9a07d957e8","collectionName":"events","type":"collection"}